create database TARge25

--db valimine
use master

--04.03.26
--2 tund

--db kustutamine
drop database TARge25

--tabeli tegemine
create table Gender
(
Id int not null primary key,
Gender nvarchar(10) not null
)

--andmete sisestamine
insert into Gender (Id, Gender)
values (2, 'Male'),
(1, 'Female'),
(3, 'Unknown')

--tabeli sisu vaatamine
select * from Gender

--tehke tabel nimega Person
create table Person
(
Id int not null primary key,
Name nvarchar(30),
Email nvarchar(30),
GenderId int
)

--andmete sisestamine
insert into Person (Id, Name, Email, GenderId)
values (1, 'Superman', 's@s.com', 2),
(2, 'Wonderwoman', 'w@w.com', 1),
(3, 'Batman', 'b@b.com', 2),
(4, 'Aquaman', 'a@a.com', 2),
(5, 'Catwoman', 'cat@cat.com', 1),
(6, 'Antman', 'ant"ant.com', 2),
(8, NULL, NULL, 2)

--soovime n鋒a Person tabeli sisu
select * from Person

--v貂rv鮰me 黨enduse loomine kahe tabeli vahel
alter table Person add constraint tblPerson_GenderId_FK
foreign key (GenderId) references Gender(Id)

--kui sisestad uue rea andmeid aj ei ole sisestanud genderId alla v滗rtust, siis
--see automaatselt sisestab sellele reale v滗rtuse 3 e mis meil on unknown
alter table Person
add constraint DF_Persons_GenderId
default 3 for GenderId

insert into Person (Id, Name, Email, GenderId)
values (7, 'Flash','f@f.com', NULL)

insert into Person (Id, Name, Email)
values (9, 'Plack Panther','p@p.com')

select * from Person

--kustutada DF_Persons_GenderId piirang koodiga
alter table Person
drop constraint DF_Persons_GenderId

--lisame koodiga veeru
alter table Person
add Age nvarchar(10)

--lisame nr piirangu vanuse sisestamisel
alter table Person
add constraint CK_Person_Age check (Age > 0 and Age < 155)

--kui sa tead veergude j鋜jekorda peast, 
--siis ei pea neid sisestama
insert into Person 
values (10, 'Green Arrow', 'g@g.com', 2, 154)

--constrainti kustutamine
alter table Person
drop constraint CK_Person_Age

alter table Person
add constraint CK_Person_Age check (Age > 0 and Age < 130)

-- kustutame rea
delete from Person where Id = 10

--kuidas uuendada andmeid koodiga
--Id 3 uus vanus on 50
update Person
set Age = 50
where Id = 3

--lisame Person tabelisse veeru City ja nvarchar 50
alter table Person
add City nvarchar(50)

--k鮥k, kes elavad Gothami linnas
select * from Person where City = 'Gotham'
--k]ik, kes ei ela Gothamis
select * from Person where City <> 'Gotham'
select * from Person where City != 'Gotham'
select * from Person where not City = 'Gotham'

--n'itab teatud vanusega inimesi
--35, 42, 23
select * from Person where Age = 35 or Age = 42 or Age = 23
select * from Person where Age in (35, 42, 23)

--n鋓tab teatud vanusevahemikus olevaid isikuid 22 kuni 39
select * from Person where Age between 22 and 39

--wildcardi kasutamine
--n鋓tab k鮥k g-t鋒ega algavad linnad
select * from Person where City like 'g%'
--email, kus on @ m鋜k sees
select * from Person where Email like '%@%'

--n鋓tab, kellel on emailis ees ja peale @-m鋜ki ainult 黭s t鋒t ja omakorda .com
select * from Person where Email like '_@_.com'

--k鮥k, kellel on nimes esimene t鋒t W, A, S
--katusega v'listab
select * from Person where  Name like '[^WAS]%'

select * from Person where  Name like '[WAS]%'

--kes elavad Gothamis ja New Yorkis
select * from Person where City = 'Gotham' or City = 'New York'

--kes elavad Gothamis ja New Yorkis ja on vanemad, kui 29
select * from Person where (City = 'Gotham' or City = 'New York')
and Age >= 30

--rida 124
-- 3 tund
--10.03.26

--kuvab t鋒estikulises j鋜jekorras inimesi ja v鮰ab aluseks nime
select * from Person order by Name
--kuvab vastupidises j鋜jestuses nimed
select * from Person order by Name desc

--v鮰ab kolm esimest rida person tabelist
select top 3 * from Person

--kolm esimest, aga tabeli j鋜jestus on Age ja siis Name
select * from Person
select top 3 Age, Name from Person order by cast(Age as int)

--n鋓ta esimesed 50% tabelist
select top 50 percent * from Person

--k鮥kide isikute koondvanus
select sum(cast(Age as int)) from Person

--n鋓tab k鮥ge nooremat isikut
select min(cast(Age as int)) from Person

--k鮥ge vanem isik
select max(cast(Age as int)) from Person

--muudame Age veeru int andmetbiks
alter table Person
alter column Age int;

--n鋏me konkreetsetes linnades olevate isikute koondvanust
select City, sum(Age) as TotalAge from Person group by City

--kuvab esimeses reas v鋖ja toodud j鋜jestuses ja kuvab Age TotalAge-ks
--j鋜jestab City-s olevate nimede j鋜gi ja siis GenderId j鋜gi
select City, GenderId, sum(Age) as TotalAge from Person
group by City, GenderId order by City

--n鋓tab, et mitu rida on selles tabelis
select * from Person
select count(*) from Person

--n鋓tab tulemust, et mitu inimest on GenderId v滗rtusega 2 konkreetses linnas
--arvutab vanuse kokku konkreetses linnas
select GenderId, City, sum(Age) as TotalAge, count(Id) as [Total Person(s)]
from Person
where GenderId = '2'
group by GenderId, City

--n鋓tab 鋜a inimeste koondvanuse, mis on 黮e 41 a ja 
--kui palju neid igas linnas elab
--eristab soo j鋜gi
select GenderId, City, sum(Age) as TotalAge, count(Id) as [Total Person(s)]
from Person
group by GenderId, City having sum(Age) > 41

--loome tabelid Employees ja Department
create table Department
(
Id int primary key,
DepartmentName nvarchar(50),
Location nvarchar(50),
DepartmentHead nvarchar(50)
)

create table Employees
(
Id int primary key,
Name nvarchar(50),
Gender nvarchar(50),
Salary nvarchar(50),
DepartmentId int
)

insert into Employees (Id, Name, Gender, Salary, DepartmentId)
values (1, 'Tom', 'Male', 4000, 1),
(2, 'Pam', 'Female', 3000, 3),
(3, 'John', 'Male', 3500, 1),
(4, 'Sam', 'Male', 4500, 2),
(5, 'Todd', 'Male', 2800, 2),
(6, 'Ben', 'Male', 7000, 1),
(7, 'Sara', 'Female', 4800, 3),
(8, 'Valarie', 'Female', 5500, 1),
(9, 'James', 'Male', 6500, NULL),
(10, 'Russell', 'Male', 8800, NULL)

insert into Department(Id, DepartmentName, Location, DepartmentHead)
values 
(1, 'IT', 'London', 'Rick'),
(2, 'Payroll', 'Delhi', 'Ron'),
(3, 'HR', 'New York', 'Christie'),
(4, 'Other Department', 'Sydney', 'Cindrella')

--
select Name, Gender, Salary, DepartmentName
from Employees
left join Department
on Employees.DepartmentId = Department.Id

--arvutame k鮥kide palgad kokku
select sum(cast(Salary as int)) from Employees
--min palga saaja
select min(cast(Salary as int)) from Employees

--- rida 251
--- 4 tund
--- 17.03.26
--teeme left join p鋜ingu
select Location, sum(cast(Salary as int)) as TotalSalary
from Employees
left join Department
on Employees.DepartmentId = Department.Id
group by Location --黨e kuu palgafond linnade l鮥kes

--teem veeru nimega City Employees tabelisse
--nvarchar 30
alter table Employees
add City nvarchar(30)

select * from Employees

--peale selecti tulevad veergude nimed
select City, Gender, sum(cast(Salary as int)) as TotalSalary 
--tabelist nimega Employees ja mis on grupitatud City ja Gender j鋜gi
from Employees group by City, Gender

--oleks vaja, et linnad oleksid t鋒estikulises j鋜jekorras
select City, Gender, sum(cast(Salary as int)) as TotalSalary 
from Employees group by City, Gender
order by City
--order by j鋜jestab linnad t鋒esitkuliselt, 
--aga kui on nullid, siis need tulevad k鮥ge ette

-- loeb 鋜a, mitu rida on tabelis Employees
-- * asemele v鮥b panna ka veeru nime,
-- aga siis loeb ainult selle veeru v滗rtused, mis ei ole nullid
select COUNT(*) from Employees

--mitu t鲻tajat on soo ja linna kaupa
select City, Gender, sum(cast(Salary as int)) as TotalSalary,
count(Id) as [Total Employee(s)]
from Employees 
group by City, Gender

--kuvab ainult k鮥k mehed linnade kaupa
select City, Gender, sum(cast(Salary as int)) as TotalSalary,
count(Id) as [Total Employee(s)]
from Employees 
where Gender = 'Female'
group by City, Gender

--sama tulemuse, aga kasutage having klauslit
select City, Gender, sum(cast(Salary as int)) as TotalSalary,
count(Id) as [Total Employee(s)]
from Employees 
group by City, Gender
having Gender = 'Male'

--n鋓tab meile ainult need t鲻tajad, kellel on palga summa 黮e 4000
select * from Employees
where sum(cast(Salary as int)) > 4000

select City, sum(cast(Salary as int)) as TotalSalary, Name,
count(Id) as [Total Employee(s)]
from Employees 
group by Salary, City, Name
having sum(cast(Salary as int)) > 4000

--loome tabeli, milles hakatakse automaatselt nummerdama Id-d
create table Test1
(
Id int identity(1,1) primary key,
Value nvarchar(30)
)

insert into Test1 values('X')
select * from Test1

--- kustutame veeru nimega City Employees tabelist
alter table Employees
drop column City

-- inner join
--kuvab neid, kellel on DepartmentName all olemas v滗rtus
select Name, Gender, Salary, DepartmentName
from Employees
inner join Department
on Employees.DepartmentId = Department.Id

-- left join
-- kuvab k鮥k read Employees tabelist, 
-- aga DepartmentName n鋓tab ainult siis, kui on olemas
-- kui DepartmentId on null, siis DepartmentName n鋓tab nulli
select Name, Gender, Salary, DepartmentName
from Employees
left join Department
on Employees.DepartmentId = Department.Id

-- right join
-- kuvab k鮥k read Department tabelist
-- aga Name n鋓tab ainult siis, kui on olemas v滗rtus DepartmentId-s, mis on sama 
-- Department tabeli Id-ga
select Name, Gender, Salary, DepartmentName
from Employees
right join Department
on Employees.DepartmentId = Department.Id

-- full outer join ja full join on sama asi
-- kuvab k鮥k read m鮨emast tabelist, 
-- aga kui ei ole vastet, siis n鋓tab nulli
select Name, Gender, Salary, DepartmentName
from Employees
full join Department
on Employees.DepartmentId = Department.Id

-- cross join
-- kuvab k鮥k read m鮨emast tabelist, aga ei v鮰a aluseks mingit veergu,
-- vaid lihtsalt kombineerib k鮥k read omavahel
-- kasutatakse harva, aga kui on vaja kombineerida k鮥ki 
-- v鮥malikke kombinatsioone kahe tabeli vahel, siis v鮥b kasutada cross joini
select Name, Gender, Salary, DepartmentName
from Employees
cross join Department

-- p鋜ingu sisu
select ColumnList
from LeftTable
joinType RightTable
on JoinCondition

select Name, Gender, Salary, DepartmentName
from Employees
inner join Department
on Department.Id = Employees.DepartmentId

-- kuidas kuvada ainult need isikud, kellel on DepartmentName NULL
select Name, Gender, Salary, DepartmentName
from Employees
left join Department
on Employees.DepartmentId = Department.Id
where Employees.DepartmentId is null

--teine variant
select Name, Gender, Salary, DepartmentName
from Employees
left join Department
on Employees.DepartmentId = Department.Id
where Department.Id is null

-- kuidas saame department tabelis oleva rea, kus on NULL
select Name, Gender, Salary, DepartmentName
from Employees
right join Department
on Employees.DepartmentId = Department.Id
where Employees.DepartmentId is null

--full join
--kus on vaja kuvada k鮥k read m鮨emast tabelist, 
--millel ei ole vastet
select Name, Gender, Salary, DepartmentName
from Employees
full join Department
on Employees.DepartmentId = Department.Id
where Employees.DepartmentId is null
or Department.Id is null

--tabeli nimetuse muutmine koodiga
sp_rename 'Employees1', 'Employees'

-- kasutame Employees tabeli asemel l黨endit E ja M
-- aga enne seda lisame uue veeru nimega ManagerId ja see on int
alter table Employees
add ManagerId int

-- antud juhul E on Employees tabeli l黨end ja M 
-- on samuti Employees tabeli l黨end, aga me kasutame 
-- seda, et n鋓data, et see on manageri tabel
select E.Name as Employee, M.Name as Manager
from Employees E
left join Employees M
on E.ManagerId = M.Id

--inner join ja kasutame l黨endeid
select E.Name as Employee, M.Name as Manager
from Employees E
inner join Employees M
on E.ManagerId = M.Id

--cross join ja kasutame l黨endeid
select E.Name as Employee, M.Name as Manager
from Employees E
cross join Employees M


select FirstName, LastName, Phone, AddressID, AddressType
from SalesLT.CustomerAddress CA
left join SalesLT.Customer C
on CA.CustomerID = C.CustomerID

-- teha p鋜ing, kus kasutate ProductModelit ja Product tabelit, 
-- et n鋒a, millised tooted on millise mudeliga seotud

select PM.Name as ProductModel, P.Name as Product
from SalesLT.Product P
left join SalesLT.ProductModel PM
on PM.ProductModelId = P.ProductModelId

--rida 412
--4 tund
--31.03.26
select isnull('Sinu Nimi', 'No Manager') as Manager

select COALESCE(null, 'No Manager') as Manager

--neil kellel ei ole 黮emust, siis paneb neile No Manager teksti
select E.Name as Employee, isnull(M.Name, 'No Manager') as Manager
from Employees E
left join Employees M
on E.ManagerId = M.Id

-- kui Expression on 鮥ge, siis paneb v滗rtuse, mida soovid v鮥 
--vastasel juhul paneb No Manager teksti
case when Expression Then '' else '' end

--teeme p鋜ingu, kus kasutame case-i
-- tuleb kasutada ka left join
select E.Name as Employee, case when M.Name is null then 'No Manager'
else M.Name end as Manager
from Employees E
left join Employees M
on E.ManagerId = M.Id

--lisame tabelisse uued veerud
alter table Employees
add MiddleName nvarchar(30)
alter table Employees
add LastName nvarchar(30)

--muudame veeru nime koodiga
sp_rename 'Employees.Middlename', 'MiddleName'
select* from Employees

update Employees
set FirstName = 'Tom', MiddleName = 'Nick', LastName = 'Jones'
where Id = 1

update Employees
set FirstName = 'Pam', MiddleName = NULL, LastName = 'Anderson'
where Id = 2

update Employees
set FirstName = 'John', MiddleName = NULL, LastName = NULL
where Id = 3

update Employees
set FirstName = 'Sam', MiddleName = NULL, LastName = 'Smith'
where Id = 4

update Employees
set FirstName = NULL, MiddleName = 'Todd', LastName = 'Someone'
where Id = 5

update Employees
set FirstName = 'Ben', MiddleName = 'Ten', LastName = 'Sven'
where Id = 6

update Employees
set FirstName = 'Sara', MiddleName = NULL, LastName = 'Connor'
where Id = 7

update Employees
set FirstName = 'Valarie', MiddleName = 'Balerine', LastName = NULL
where Id = 8

update Employees
set FirstName = 'James', MiddleName = '007', LastName = 'Bond'
where Id = 9

update Employees
set FirstName = NULL, MiddleName = NULL, LastName = 'Crowe'
where Id = 10

--igast reast v鮰ab esimesena mitte nulli v滗rtuse ja paneb Name veergu
--kasutada coalesce
select Id, coalesce(FirstName, MiddleName, LastName) as Name
from Employees

create table IndianCustomers
(
Id int identity(1,1),
Name nvarchar(25),
Email nvarchar(25)
)

create table UKCustomers
(
Id int identity(1,1),
Name nvarchar(25),
Email nvarchar(25)
)

insert into IndianCustomers (Name, Email)
values ('Raj', 'R@R.com'),
('Sam', 'S@S.com')

insert into UKCustomers (Name, Email)
values ('Ben', 'B@B.com'),
('Sam', 'S@S.com')

select * from IndianCustomers
select * from UKCustomers

--kasutate union all
--kahe tabeli andmete vaatamiseks
--n鋓tab k鮥k read m鮨emast tabelist
select Id, Name, Email from IndianCustomers
union all
select Id, Name, Email from UKCustomers

--korduvate v滗rtuste eemaldamiseks kasutame unionit
select Id, Name, Email from IndianCustomers
union
select Id, Name, Email from UKCustomers

--kuidas tulemust sorteerida nime j鋜gi
--kasutada union all-i
select Id, Name, Email from IndianCustomers
union all
select Id, Name, Email from UKCustomers
order by Name

--stored procedure
--salvestatud protseduurid on SQL-i koodid, mis on salvest
--salvestatud andmebaasis ja mida saab k鋓vitada, 
--et teha mingi kindel t鲻 鋜a
create procedure spGetEmployees
as begin
	select FirstName, Gender from Employees
end

--nd saame kasutada spGetEmployees-i
spGetEmployees
exec spGetEmployees
execute spGetEmployees

---
create proc spGetEmployeesByGenderAndDepartment
@Gender nvarchar(10),
@DepartmentId int
as begin
	select FirstName, Gender, DepartmentId from Employees 
	where Gender = @Gender and DepartmentId = @DepartmentId
end

--miks saab veateate
spGetEmployeesByGenderAndDepartment
--鮥ge variant
spGetEmployeesByGenderAndDepartment 'female', 1
--kuidas minna sp j鋜jekorrast m鲻da parameetrite sisestamisel
spGetEmployeesByGenderAndDepartment @DepartmentId = 1, @Gender = 'Male'

sp_helptext spGetEmployeesByGenderAndDepartment

--muudame sp-d ja v鮰i peale, et keegi teine 
--peale teie ei saaks seda muuta
alter procedure spGetEmployeesByGenderAndDepartment
@Gender nvarchar(10),
@DepartmentId int
with encryption --paneb v鮰me peale
as begin
	select FirstName, Gender, DepartmentId from Employees 
	where Gender = @Gender and DepartmentId = @DepartmentId
end

--
create proc spGetEmployeeCountByGender
@Gender nvarchar(10),
--output on parameeter, mis v鮥maldab meil salvestada protseduuri 
--sees tehtud arvutuse tulemuse ja kasutada seda v鋖jaspool protseduuri
@EmployeeCount int output
as begin
	select @EmployeeCount = count(Id) from Employees 
	where Gender = @Gender
end


--annab tulemuse, kus loendab 鋜a n鮱etele vastavad read
--prindib tulemuse, mis on parameetris @EmployeeCount
declare @TotalCount int
exec spGetEmployeeCountByGender 'Female', @TotalCount out
if(@TotalCount = 0)
	print '@TotalCount is null'
else
	print '@TotalCount is not null'
print @TotalCount

--n鋓tab 鋜a, et mitu rida vastab n鮱etele
declare @TotalCount int
execute spGetEmployeeCountByGender 
--mis on out?
--out on parameeter, mis v鮥maldab meil salvestada protseduuri
@EmployeeCount = @TotalCount out, @Gender = 'Male'
print @TotalCount

--sp sisu vaatamine
sp_help spGetEmployeeCountByGender
--tabeli info
sp_help Employees
--kui soovid sp teksti n鋒a
sp_helptext spGetEmployeeCountByGender

--vaatame, millest s鮨tub see sp
sp_depends spGetEmployeeCountByGender
--vaatame tabelit sp_depends-ga
sp_depends Employees

---
create proc spGetNameById
@Id int,
@Name nvarchar(30) output
as begin
	select @Id = Id, @Name = FirstName from Employees
end

--tahame n鋒a kogu tabelite ridade arvu
--count kasutada
create proc spTotalCount2
@TotalCount int output
as begin
	select @TotalCount = count(Id) from Employees
end

--saame teada, et mitu rida on tabelis
declare @TotalEmployees int
execute spTotalCount2 @TotalEmployees output
select @TotalEmployees

--mis id all on keegi nime j鋜gi
create proc spGetIdByName1
@Id int,
@FirstName nvarchar(30) output
as begin
	select @FirstName = FirstName from Employees where @Id = Id
end

--annab tulemuse, kus id 1 real on keegi koos nimega
declare @FirstName nvarchar(30)
execute spGetIdByName1 9, @FirstName output
print 'Name of the employee = ' + @FirstName

---
declare @FirstName nvarchar(30)
execute spGetNameById 3, @FirstName output
print 'Name of the employee = ' + @FirstName
--ei anna tulemust, sest sp-s on loogika viga
--sp-s on viga, sest @Id on parameeter, 
--mis on m鮡ldud selleks, et me saaksime sisestada id-d 
--ja saada nime, aga sp-s on loogika viga, sest see 
--黵itab m滗rata @Id v滗rtuseks Id veeru v滗rtust, mis on vale

-- rida 662
--tund 5
--07.04.26
declare @FirstName nvarchar(30)
execute spGetNameById 1, @FirstName out
print 'Name of the employee = ' + @FirstName

sp_help spGetNameById

create proc spGetNameById2
@Id int
as begin
	return (select FirstName from Employees where Id = @Id)
end

declare @EmployeeName nvarchar(30)
execute @EmployeeName = spGetNameById2 3
print 'Name of the employee = ' + @EmployeeName


--------------------------
alter PROCEDURE spGetNameById2
    @FirstName NVARCHAR(30) OUTPUT,
    @Id INT
AS
BEGIN
    SELECT @FirstName = FirstName
    FROM Employees
    WHERE Id = @Id
END


DECLARE @FirstName NVARCHAR(30)
EXEC spGetNameById2
    @Id = 3,
    @FirstName = @FirstName OUTPUT
PRINT 'Name of the employee = ' + @FirstName
--return annab ainult int tpi v滗rtust, 
--seega ei saa kasutada return-i, et tagastada nime, 
--mis on nvarchar tpi

----sisseehitatud string funktsioonid
-- see konverteerib ASCII t鋒e v滗rtuse numbriks
select ascii('A')
-- kuvab A-t鋒e
select char(65)

--prindime kogu t鋒estiku v鋖ja A-st Z-ni
--kasutame while ts黭lit
declare @Start int
set @Start = 1
while (@Start <= 122)
begin
	print char(@Start)
	set @Start = @Start + 1
end

--eemaldame t黨jad kohad sulgudes
select ltrim('                  Hello')

--t黨iukute eemaldamine s鮪as
select ltrim(FirstName) as FirstName, MiddleName, LastName
from Employees

select RTRIM('            Hello                  ')

--keerba kooloni sees olevad andmed vastupidiseks
--vastavalt upper ja lower-ga saan muuta m鋜kide suurust
--reverse funktsioon keerab stringi tagurpidi
select reverse(upper(ltrim(FirstName))) as FirstName, 
MiddleName,LOWER(LastName), rtrim(ltrim(FirstName)) + ' ' +
MiddleName + ' ' + LastName as FullName
from Employees

---left, right, substring
--left v鮰ab stringi vasakult poolt neli esimest t鋒te
select left('ABCDEF', 4)
--right v鮰ab stringi paremalt poolt neli esimest t鋒te
select right('ABCDEF', 4)

--kuvab @t鋒em鋜gi asetust
select charindex('@', 'sara@aaa.com')

--alates viiendast t鋒em鋜gist v鮰ab kaks t鋒te
select substring('leo@bbb.com', 5, 2)

--- @-m'rgist kuvab kolm t鋒em鋜ki. Viimase nr saab 
-- m滗rata pikkust
select substring('leo@bbb.com', charindex('@', 'leo@bbb.com')
+ 1, 3)

---peale @-m鋜ki reguleerin t鋒em鋜kide pikkuse n鋓tamist
select SUBSTRING('leo@bbb.com', charindex('@', 'leo@bbb.com') + 2,
len('leo@bbb.com') - CHARINDEX('@', 'leo@bbb.com'))

--saame teada domeeninimed emailides
--kasutame Person tabelit ja substringi, len ja charindexi
select SUBSTRING(Email, charindex('@', Email) + 1,
len(Email) - charindex('@', Email)) as DomainName
from Person

select * from Person

alter table Employees
add Email nvarchar(20)

select * from Employees

update Employees set Email = 'Tom@aaa.com' where Id = 1
update Employees set Email = 'Pam@bbb.com' where Id = 2
update Employees set Email = 'John@aaa.com' where Id = 3
update Employees set Email = 'Sam@bbb.com' where Id = 4
update Employees set Email = 'Todd@bbb.com' where Id = 5
update Employees set Email = 'Ben@ccc.com' where Id = 6
update Employees set Email = 'Sara@ccc.com' where Id = 7
update Employees set Email = 'Valarie@aaa.com' where Id = 8
update Employees set Email = 'James@bbb.com' where Id = 9
update Employees set Email = 'Russel@bbb.com' where Id = 10

--lisame *-m鋜gi alates teatud kohast
select FirstName, LastName,
	substring(Email, 1, 2) + replicate('*', 5) +
	--peale teist t鋒em鋜ki paneb viis t鋜ni
	substring(Email, charindex('@', Email), len(Email) 
	- CHARINDEX('@', Email) + 1) as MaskedEmail
	--kuni @-m鋜gini paneb t鋜nid ja siis j鋞kab emaili n鋓tamist
	--on d黱aamiline, sest kui emaili pikkus on erinev, 
	--siis paneb vastavalt t鋜ne
from Employees

--kolm korda n鋓tab stringis olevat v滗rtust
select replicate('Hello', 3)

--kuidas sisestada t黨ikut kahe nime vahele
--kasutada funktsiooni
select space(5)

--v鮰ame tabeli Employees ja kuvame eesnime ja perkonnanime vahele t黨ikut
select FirstName + space(25) + LastName as FullName from Employees

--PATINDEX
--sama, mis charindex, aga patindex v鮥maldab kasutada wildcardi
--kasutame tabelit Employees ja leiame k鮥k read, kus emaili l鮬us on aaa.com
select Email, PATINDEX('%@aaa.com', Email) as Position 
from Employees
where PATINDEX('%@aaa.com', Email) > 0
--leiame k鮥k read, kus emaili l鮬us on aaa.com v鮥 bbb.com

--asendame emaili l鮬us olevat domeeninimed
--.com asemel .net-iga, kasutage replace funktsiooni
select FirstName, LastName, Email,
REPLACE(Email, '.com', '.net') as NewEmail
from Employees

--soovin asendada peale esimest m鋜kki olevad t鋒ed viie t鋜niga
select FirstName, LastName, Email,
	stuff(Email, 2, 3, '*****') as StuffedEmail
from Employees

---ajaga seotud andmetbid
create table DateTest
(
c_time time,
c_date date,
c_smalldatetime smalldatetime,
c_datetime datetime,
c_datetime2 datetime2,
c_datetimeoffset datetimeoffset
)

select * from DateTest

--sinu masina kellaaeg
select getdate() as CurrentDateTime

insert into DateTest
values (getdate(), getdate(), getdate(), getdate(), getdate(), getdate())
select * from DateTest

update DateTest set c_datetimeoffset = '2026-04-07 12:00:05.0566667 +02:00'
where c_datetimeoffset = '2026-04-07 17:13:05.0566667 +00:00'

select CURRENT_TIMESTAMP, 'CURRENT_TIMESTAMP' --aja p鋜ing
select SYSDATETIME(), 'SYSDATETIME' --veel t鋚sem aja p鋜ing
select SYSDATETIMEOFFSET(), 'SYSDATETIMEOFFSET' --t鋚ne aja ja ajav鲻ndi p鋜ing
select GETUTCDATE(), 'GETUTCDATE' --UTC aja p鋜ing

select isdate('asdasd') --tagastab 0, sest see ei ole kehtiv kuup鋏v
select isdate(getdate()) --tagastab 1, sest on kp
select isdate('2026-04-07 12:00:05.0566667') --tagastab 0 kuna max kolm komakohta v]ib olla
select isdate('2026-04-07 12:00:05.056') --tagastab 1
select day(getdate()) --annab t鋘ase p鋏va nr
select day('03/29/2026') --annab stringis oleva kp ja j鋜jestus peab olema 鮥ge
select month(getdate()) --annab jooksva kuu nr
select month('03/29/2026') -- annab stringis oleva kuu
select year(getdate()) -- annab jooksva aasta nr
select year('03/29/2026') -- annab stringis oleva aasta nr


--rida 841
--tund 6
--14.04.26

select DATENAME(day, '2026-04-07 12:00:05.056') --annab stringis oleva p鋏va numbri
select DATENAME(weekday, '2026-04-07 12:00:05.056') -- annab stringis oleva p鋏va nime
select DATENAME(month, '2026-04-07 12:00:05.056') -- annab stringis oleva kuu nime

create table EmployeesWithDates
(
	id nvarchar(2),
	Name nvarchar(20),
	DateOfBirth datetime
)

insert into EmployeesWithDates (Id, Name, DateOfBirth)
values (1, 'Sam', '1980-12-30 00:00:00.000'),
(2, 'Pam', '1982-09-01 12:02:36.260'),
(3, 'John', '1985-08.22 12:03:30.370'),
(4, 'Sara', '1979-11-29 12:59:30.670'),
(NULL, NULL, NULL)

select * from EmployeesWithDates

drop table EmployeesWithDates

--kuidas v鮰ta 黨est veerust andmeid ja selle abil luua uued veerud

select name, dateofbirth, DATENAME(WEEKDAY, dateofbirth)as [Day],
	   MONTH(dateofbirth) as [Month],
	   DATENAME(month, dateofbirth) as [MonthName],
	   YEAR(dateofbirth) as [Year]
from EmployeeswithDates


select datepart(weekday, '2026-04-07 12:00:05.056') -- annab stringis oleva p鋏va nr, kus 1 on p黨ap鋏v
select datepart(month, '2026-04-07 12:00:05.056') -- annab stringis oleva kuu nr
select DATENAME(week, '2026-04-07 12:00:05.056')
select DATEADD(day, 20, '2026-04-07 12:00:05.056') -- annab stringis oleva kuup鋏va, mis on 20 p鋏va p鋜ast
select DATEADD(day, -20, '2026-04-07 12:00:05.056') -- annab stringis oleva kuup鋏va, mis on 20 p鋏va enne
select DATEdiff(month, '04/30/2025', '01/31/2026')
select DATEdiff(year, '04/30/2025', '01/31/2026')

create function fnComputeAge(@DOB datetime)
returns nvarchar(50)
as begin
	declare @tempdate datetime, @years int, @months int, @days int
	select @tempdate = @DOB

	select @years = datediff(year, @tempdate, getdate()) - case when (month(@DOB) > month(getdate())) or (month(@DOB))
	= month(getdate()) and day(@DOB) > day(getdate()) then 1 else 0 end
	select @tempdate = dateadd(year, @years, @tempdate)

	select @months = datediff(month, @tempdate, getdate()) - case when day(@DOB) > day(getdate()) then 1 else 0 end
	select @tempdate = dateadd(month, @months, @tempdate)

	select @days = datediff(day, @tempdate, getdate())

	declare @Age nvarchar(50)
		set @Age = cast(@years as nvarchar(10)) + ' years, ' 
		+ cast(@months as nvarchar(10)) + ' months, ' 
		+ cast(@days as nvarchar(10)) + ' days old'
	return @Age
end

select name, dateofbirth, dbo.fnComputeAge(dateofbirth) as Age
from employeeswithdates 

--kui kasutame seda funktsiooni, siis saame teada t鋘ase p鋏va vahet
--stringis olevaga
select dbo.fnComputeAge('03/23/2008')

--nr peale DOB muutujat n鋓tab,
--et missugune j鋜jestuses me tahame n鋓data veeru sisu
select ID, name, dateofbirth, 
CONVERT(nvarchar, dateofbirth, 126) as ConvertedDOB
from EmployeesWithDates

select id, name, name + '-' + CAST(id as nvarchar) as [name-id]
from EmployeesWithDates

select CAST(getdate() as date) --t鋘ane kuup鋏v
select CONVERT(date, getdate()) --t鋘ane kuup鋏v

---matemaatilised funktsioonid
select ABS(-101.5) --absoluutv滗rtus, tagastab 101.5
select CEILING(101.5) --tagastab 102, 黰ardab 黮es
select CEILING(-101.5) --tagastab -101, 黰ardab 黮es positiivsem nr poole
select FLOOR(101.5) --tagastab 101, 黰ardab alla
select FLOOR(-101.5) --tagastab -102, 黰ardab alla negatiivsema nr poole
select POWER(2, 4) -- t 2 astmel 4 e 2x2x2x2, esimene nr on alus
select SQUARE(5) -- tagastab 25, v鮰ab arvu ja korrutab iseendaga
select SQRT(25) --tagastab 5, v鮰ab arvu ja leiab selle ruutjuure

select RAND() --tagastab juhusliku arvu vahemikus 0 kuni 1
--oleks vaja, et iga kord annab rand meile 黨e t鋓sarvu vahemikus 1 kuni 100
SELECT ceiling(RAND()*(100-1) + 1)

--annab juhuslik number vahemikus 1 kuni 1000
--ja teeb seda 10 korda, et n鋒a erinevaid numbreid
declare @counter int
set @counter = 1
while (@counter <= 10)
begin
	print ceiling (rand() * 1000)
	set @counter = @counter + 1
end

SELECT ceiling(RAND()*(1000-1) + 1),
ceiling(RAND()*(1000-1) + 1),
ceiling(RAND()*(1000-1) + 1),
ceiling(RAND()*(1000-1) + 1),
ceiling(RAND()*(1000-1) + 1),
ceiling(RAND()*(1000-1) + 1),
ceiling(RAND()*(1000-1) + 1),
ceiling(RAND()*(1000-1) + 1),
ceiling(RAND()*(1000-1) + 1),
ceiling(RAND()*(1000-1) + 1)

select ROUND(850.556, 2) --黰ardab 850.556 kahe komakohani, tagastab 850.56
select ROUND(850.556, 2, 1) --黰ardab 850.556 kahe komakohani,
--aga kui kolmas komakoht on 5 v鮥 suurem, siis 黰ardab alla,
--tagastab 850.550
select ROUND(850.556, 1) --黰ardab 850.556 黨e komakohani, tagastab 850.6
select ROUND(850.556, 1, 1) --黰ardab850.556 黨e komakohani, 
--aga kui kolmas komakoht on 5 v鮥 suurem, siis 黰rdab alla, tagastab 850.5
select round(850.556, -2)--黰ardab 850.556 sadade kaupa, tagastab 900
select ROUND(850.556, -1) --黰rdab 850.556 k黰nete kaupa, tagastab 850

create function dbo.calculateAge (@DOB date)
returns int
as begin
declare @Age int

set @Age = DATEDIFF(YEAR, @DOB, GETDATE()) -
	case
		when (MONTH(@DOB) > MONTH(getdate())) OR
			(MONTH(@DOB) = MONTH(getdate()) and DAY(@DOB) > DAY(getdate()))
		then 1
		else 0
		end
	return @Age
end
----
execute calculateage '10/08/2020'

select dbo.CalculateAge(dateofbirth) as Age from employeeswithdates

--arvutab v'lja, kui vana on isik ja v鮰ab arvese,
--kas isiku s黱nip鋏v on juba sel aastal olnud v鮥 mitte
--antud juhul n鋓tab, kes on 黮e 40 aasta vanad
select IDENT_CURRENT, dbo.calculateAge(dateofbirth) as Age from EmployeesWithdates
where dbo.calculateAge(dateofbirth) > 40

---inline valued table valued functions
--teha Employeeswith dates tabelisse
--uus veerg nimega DepartmentID int
--ja teine veerg on Gender nvarchar(10)

alter table employeeswithdates
add DepartmentID int,
Gender nvarchar (10)

select * from employeeswithdates

insert into employeeswithdates(DepartmentID, gender)
values (1, 'Male'),
(2, 'Female'),
(1, 'Male'),
(3, 'Female'),
(1, 'Male')
update employeeswithdates set gender = 'Male', departmentID = 1
where ID = 1
update employeeswithdates set gender = 'Female', departmentID = 2
where ID = 2
update employeeswithdates set gender = 'Male', departmentID = 1
where ID = 3
update employeeswithdates set gender = 'Female', departmentID = 3
where ID = 4
update employeeswithdates set gender = 'Male', departmentID = 1
where ID = 5

alter table employeeswithdates
drop departmentid, gender 

--scalar function e skaleeritav funktsioon annab mingis vahemikus olevaid
--v滗rtusi, aga inline tabel valued function tagastab tabeli
--ja seal ei kasutata begin ja endi vahele kirjutamist,
--vaid lihtsalt kirjutad selecti
create function fn_EmployeesByGender(@Gender nvarchar(10))
returns table
as
return (select ID, name, dateofbirth, departmentid, Gender
		from employeeswithdates
		where Gender = @Gender)

--soovime vaadata k鮥ki naisi Employeeswithdates tabelist
select * from fn_EmployeesByGender('Female')

--soovin ainult n鋒a Pam ja kasutan funktisooni fn_EmployyesByGender
select * from fn_EmployeesByGender('Female')
where name = 'Pam'

--kahest erinevast tabelist andmete v鮰mine ja koos kuvamine
--esimene on funktsioon ja teine on Department tabel
select name, Gender, departmentname
from fn_EmployeesByGender('Male') E
join Department D on D.Id = E.departmentID

--inline funktsioon
create function fn_getEmployees()
returns table as
return (select ID, Name, CAST(dateofbirth as date)
		as DOB
		from employeeswithdates)

select * from fn_getemployees()


--multi statement table valued function
create function fn_MS_GetEmployees()
returns @Table Table (Id int, Name nvarchar(20), DOB date)
as begin
	insert into @Table
	select ID, Name, CAST(dateofbirth as date) from employeeswithdates

	return
end

select * from fn_MS_GetEmployees()

--inline tabeli funktsioonid on paremini t鲻tamas 
--kuna k鋝itletakse vaatena
--multi statement table valued funktsioonid on nagu tavalised funktsioonid
--pm on tegemist stored procedurega ja see v鮥b olla aeglasem,
--sest see ei saa kasutada vaate optimeerimist e kulutab rohkem ressurssi

update fn_getEmployees() set name = 'Sara' Where ID = 4 --saab muuta andmeid
select * from Employeeswithdates
select * from employeeswithdates
update fn_ms_getemployees() set name = 'Sara' where id = 4
--ei saa muuta andemeid multistate table valued funktsioonis,
--sest see on nagu stored procedure

--rida 1045
--tund 7
--21.04.26


--determnistic vs nondeterministic functions
select COUNT(*) from employeeswithdates
--k鮥k tehtem鋜gid on deterministic, sest nad annavad alati sama tulemuse,
--kui sisend on sama. Selle alla kuuluvad veel sum, avg, min, max, count
select SQUARE(3)

--mitte ettem滗ratud funktsioonid v鮥vad anda erinevaid tulemusi
select GETDATE() --kuna see annab jooksva aja, siis on nondeterministic
select CURRENT_TIMESTAMP
select RAND()

--loome funktsiooni
create function fn_GetNameById(@id int)
returns nvarchar(20)
as begin
	return (select Name from EmployeesWithDates where id = @id)
end

--kuidas saab kasutatda fn_GetNameById funktsiooni

select dbo.fn_GetNameById(3)
--Sellega saab n鋒a funkstiooni sisu
sp_helptext fn_GetNameById

--muuta funktsiooni fn_GetNameById ja kr黳teerida see 鋜a,
--et keegi teine peale sinu ei saaks seda muuta

 
alter function fn_GetNameById(@id int)
returns nvarchar(20)
with encryption
as begin
	return (select Name from EmployeesWithDates where id = @id)
end
--nd kui tahame n鋒a fn_GetNameById funktsiooni sisu, siis ei saa
sp_helptext fn_GetNameById


create function fn_GetEmployeeNameById(@id int)
returns nvarchar(20)
with schemabinding
as begin
	return (select Name from EmployeesWithDates where id = @id)
end
-- tuleb veateade
-- Cannot schema bind function 'fn_GetEmployeeNameById'
--because name 'EmployeesWithDates' is invalid for schema binding.
--Names must be in two-part format and an object cannot
--reference itself

--nd on korras variant
create function dbo.fn_GetEmployeeNameById(@id int)
returns nvarchar(20)
with schemabinding
as begin
	return (select Name from dbo.EmployeesWithDates where id = @id)
end
--mis on schemabinding?
--schemabinding seob p鋜ingus oleva tabeli 鋜a ja ei luba seda muuta
--Mis see annab meile?
--see annab meile j鮱dluse eelise, sest SQL Server teab, et
--see tabel ei muutu veergude osas

--ei saa tabelit kustutada, kui sellel on schemabindinguga funktsioon
drop table EmployeesWithDates

--temporary tables
--need on tabelid, mis on loodud ajutiselt ja kustutakse automaatselt
--neid on kahte tpi: local temporary tables ja global temporary tables
--#-ga algavad global temporary tables

create table #PersonDetails(Id int, Name nvarchar(20))
--kuhu tabel tekkis?
insert into #PersonDetails values(1, 'Mike')
insert into #PersonDetails values(1, 'Max')
insert into #PersonDetails values(1, 'Uhura')
go
select * from #PersonDetails

--saame otsida seda objekti 黮esse
select * from sysobjects
where Name like 'dbo.#PersonDetails_____________________________________________________________________________________________________000000000004'

--kustutame tabeli 鋜a
drop table #PersonDetails

--teeme stored procedure, mis loob
--local temporary table-i ja t鋓dab selle andmetega

create procedure spCreateLocalTempTable
as begin
create table #PersonDetails(Id int, Name nvarchar(20))

insert into #PersonDetails values(1, 'Mike')
insert into #PersonDetails values(1, 'Max')
insert into #PersonDetails values(1, 'Uhura')

select * from #PersonDetails
end
---
exec spCreateLocalTempTable

select * from sysobject
where Name like '[dbo].[#A895AD85]%'

--globaalse tabeli loomine
create table ##GlobalPersondetails(Id int, name nvarchar (20))
--mis on globaalse ja lokaalse tabeli erinevus?
--globaalse tabeli saab n鋒a ja kasutada ainult selles sessioonis,
--kus see on loodud

--index
create table EmployeeWithSalary
(
Id int primary key,
Name nvarchar(25),
Salary int,
Gender nvarchar(10)
)


insert into EmployeeWithSalary (Id, Name, Salary, Gender)
values(1, 'Sam', 2500, 'Male'),
(2, 'Pam', 6500, 'FeMale'),
(3, 'John', 4500, 'Male'),
(4, 'Sara', 5500, 'FeMale'),
(5, 'Todd', 3100, 'Male')


select * from EmployeeWithSalary

select * from EmployeeWithSalary
where Salary > 5000 and Salary < 7000

--loome indeksi, mis asetab palga kahanevasse j鋜jestusse
create index IX_Employee_Salary
on EmployeeWithSalary(Salary desc)


--proovige nd p鋜ida tabelit EmployeeWithSalary
--ja kasutage index-t IX_Employee_Salary

select * from EmployeeWithSalary
with (index(IX_Employee_Salary))

--indeksi kustutamine
drop index IX_Employee_Salary on EmployeeWithSalary
drop index EmployeeWithSalary.IX_Employee_Salary 

---- indeksi tbid:
--1. Klastrites olevad
--2. Mitte-klastris olevad
--3. Unikaalsed
--4. Filtreeritud
--5. XML
--6. T鋓stekst
--7. Ruumiline
--8. Veerus鋓litav
--9. Veergude indeksid
--10. V鋖ja arvatud veergudega indeksid

--klastris olev indeks m滗rab 鋜a tabelis oleva fsilise j鋜jestuse
-- ja selle tulemusel saab tabelis olla ainult 黭s klastris olev indeks
--kui lisad primaarv鮰me, siis luuakse automaatselt klastris olev indeks

create table EmployeeCity
(
Id int primary key, 
Name nvarchar(25),
Salary int,
Gender nvarchar(10),
City nvarchar(20)
)

--andmete 鮥ge j鋜jestuse loovad klastris olevad indeksid
-- ja kasutab selleks Id nr-t
-- p鮤jus, miks antud juhul kasutab Id-d, tuleneb primaarv鮰mest
insert into EmployeeCity(Id, Name, Salary, Gender, City) 
values(3, 'John', 4500, 'Male', 'New York'),
(1, 'Sam', 2500, 'Male', 'London'),
(4, 'Sara', 5500, 'FeMale', 'Tokyo'),
(5, 'Todd', 3100, 'Male', 'Toronto'),
(2, 'Pam', 6500, 'Male', 'Sydney')

select * from EmployeeCity


--klastris olevad indeksid dikteerivad s鋓litatud andmete j鋜jestuse tabelis
-- ja seda saab klastrite puhul olla ainult 黭s
create clustered index IX_EmployeeCity_Name
on EmployeeCity(Name)

--annab veateate, et tabelis saab olla ainult 黭s klastris olev indeks
--kui soovid, uut indeksit luua, siis kustuta olemasolev

--saame luua ainult 黨e klastris oleva indeksi tabeli peale
--klastris olev indeks on analoogne telefoni nr-le
--enne seda p鋜ingut kustutasime primaarv鮰me indeksi 鋜a
select * from EmployeeCity

--mitte klastris olev indeks
create nonclustered index IX_EmployeeCity_Name
on EmployeeCity(Name)

select * from EmployeeCity

--- erinevad kahe indeksi vajel
--- 1. ainult 黭s klastris olev indeks saab olla tabeli peale,
--- mitte-klastris olevadi indekseid saab olla mitu
---2. klastris olevad indeksid on kiiremad kuna indeks peab
--- tagsi viitama tabelile
--- juhul, kui selekteeritud veerg ei ole olemas indeksis
--- 3. klastris olev indeks m滗ratleb 鋜a tabeli ridade salvestusj鋜jestuse
--- ja ei n鮱a kettal lisa ruumi. Sams mitte klastris olevad indeksid on
--- salvestatud tabelist eraldi ja n鮱ab lisa ruumi

create table EmployeeFirstName
(
Id int primary key,
FirstName nvarchar(25),
LastName nvarchar(25),
Salary int,
Gender nvarchar(10),
City nvarchar(20)
)

exec sp_helpindex employeeFirstName

--sisestame andemed tabelisse ja neid ei saa sisestada
insert into EmployeeFirstName
values
(1, 'Mike', 'Sandoz', 4500, 'Male', 'New York'),
(1, 'John', 'Menco', 2500, 'Male', 'London')

--kustutame indeksi 鋜a

drop index EmployeeFirstName.PK__Employee__3214EC0799D0FB9F --see ei t鲻t mingi p鮤juse p鋜ast, kustuta k鋝itsi

create unique nonclustered index IX_Employee_FirstName
on EmployeeFirstName(FirstName, LastName)

insert into EmployeeFirstName
values
(1, 'Mike', 'Sandoz', 4500, 'Male', 'New York'),
(2, 'John', 'Menco', 2500, 'Male', 'London')
--alguses annab veateate, et Mike Sando....

create table EmployeeFirstName
(
Id int primary key,
FirstName nvarchar(25),
LastName nvarchar(25),
Salary int,
Gender nvarchar(10),
City nvarchar(20)
)

insert into EmployeeFirstName
values
(1, 'Mike', 'Sandoz', 4500, 'Male', 'New York'),
(2, 'John', 'Menco', 2500, 'Male', 'London')

--lisame uue unikaalse piirangu
alter table EmployeeFirstName
add constraint UQ_Employee_FirstName_City
unique nonclustered(city)

insert into EmployeeFirstName
values
(3, 'John', 'Menco', 4500, 'Male', 'London')--see ei tohiks l鋌i minna, aga peab korda tegema

--rida 1334
--tund 8
--28.04.26

--1. Vaikimisi primaarv鮰i loob inikaalse klastris oleva indksi,
-- samas inikaalse mitte-klastris oleva indeksi
-- 2. Unikaalset indeksit v鮥 piirangut ei saa luua olemasolevasse
-- tabelisse, kui tabel
-- juba sisaldab v滗rtusi v鮰meveerus
-- 3. Vaikimisi korduvaid v滗rtiseid ei ole veerus lubatud,
-- kui peaks olema unikaalne indeks v鮥 piirang. Nt, kui tahad
-- sisestada 10 rida andmeid,
-- millest 5 sisaldavad korduvaid andmeid, siis k鮥k 10 l黭atakse tagasi.
-- Kui soovin ainult 5
-- rea tagasi l黭kamist ja 黮ej滗nud 5 rea sisestamist, siis
-- selleks kasutatakse IGNORE_DUP_KEY

--koodi n鋓de
create unique index IX_EmployeeFirstName
on EmployeeFirstName(City)
with ignore_dup_key

select * from EmployeesFirstName

insert into EmployeeFirstName
values
(3, 'John', 'Menco', 2345, 'Male', 'London'),
(3, 'John', 'Menco', 1234, 'Male', 'London1'),
(3, 'John', 'Menco', 3456, 'Male', 'London1')
-- enne ignore k鋝ku oleks k鮥k kolm rida tagasi l黭atud, aga
-- nd l鋕s keskmine rida l鋌i kuna linna nimi oli unikaalne

--view 
-- view on salvestatud sql-i p鋜ing. Saab k鋝itleda ka virtuaalse tabelina

select FirstName, Salary, Gender, DepartmentName
from Employees
join Department
on Employees.DepartmentId = Department.Id

-- loome view
create view vEmployeesByDepartment
as
select FirstName, Salary, Gender, DepartmentName
from Employees
join Department
on Employees.DepartmentId = Department.Id

--view p鋜ingu esile kutsumine
select * from vEmployeesByDepartment

-- view ei salvesta andmeid vaikimisi
-- seda tasub v鮰ta, kui salvestatud virtuaalse tabelina

-- milleks vaja:
-- saab kasutada andmebaasi skeemi keerukuse lihtsutamiseks,
-- mitte IT-inimesele
-- piiratud ligip滗s andmetele, ei n鋏 k鮥ki veerge

-- teeme view, kus n鋏b ainult IT-t鲻tajaid
-- view nimi on vITEmployeesInDepartment

create view vITEmployeesInDepartment
as
select FirstName, Salary, Gender DepartmentName
from Employees
join Department
on Employees.DepartmentId = Department.Id
where Department.DepartmentName = 'IT'

select * from vITEmployeesInDepartment

--veeru taseme turvalisus
-- peale selecti m滗ratled veergude n鋓tamise 鋜a
create view vEmployeeInDepartmentSalaryNoShow
as
select DepartmentName
from Employees
join Department
on Employees.DepartmentId = Department.Id

select * from vEmployeeInDepartmentSalaryNoShow

--saab kasutada esitlemaks koondandmeid ja 黭sikasjalike andmeid
--view, mis tagastab summeeritud andmeid

create view vEmployeesCountByDepartment
as
select DepartmentName, count(Employees.Id) as TotalEmployees
from Employees
join Department
on Employees.DepartmentId = Department.Id
group by DepartmentName

select * from vEmployeesCountByDepartment

--kui soovid vaadata view sisu
sp_helptext vEmployeesCountByDepartment
--muutmiseks kasutame s鮪a alter
alter view vEmployeesCountByDepartment
--kustutamine
drop view vEmployeesCountByDepartment

--kasutame view-d andmete uuendamiseks
create view vEmployeesDataExceptSalary
as
select Id, FirstName, Gender, DepartmentID
from Employees

--muutke Id 2 olev rida ja uus eesnimi on Tom

update vEmployeesDataExceptSalary
set DepartmentId = 3
where Id = 2 

select * from vEmployeesDataExceptSalary

--kustutame ja sisestame andmeid
delete from vEmployeesDataExceptSalary where Id = 2

insert into vEmployeesDataExceptSalary (Id, FirstName, Gender, DepartmentId)
values (2, 'Pam', 'Female', 3)

-- indekseeritud view
--MS SQL-s on indekseeritud view nime all ja
-- Oracle-s materjaliseeritud view

create table Product
(
Id int primary key,
Name nvarchar(20),
UnitPrice int
)

insert into Product values
(1, 'Books', 20),
(2, 'Pens', 14),
(3, 'Pencils', 11),
(4, 'Clips', 10)

create table ProductSales
(
Id int,
QuantitySold int
)

insert into ProductSales values
(1, 10),
(3, 23),
(4, 21),
(2, 12),
(1, 13),
(3, 12),
(4, 13),
(1, 11),
(2, 12),
(1, 14)

--loome view, mis annab meile veerud TotalSales ja TotalTransaction
--kasutage count_big
create view vTotalSalesByProduct
with schemabinding
as
select Name,
SUM(isnull((QuantitySold * UnitPrice), 0)) as TotalSales,
COUNT_BIG(*) as TotalTransactions
from dbo.ProductSales
join dbo.Product
on dbo.Product.id = dbo.ProductSales.Id
group by Name


select * from vTotalSalesByProduct

-- kui soovid luua indeksi view sisse, siis peab j鋜gima teatud reegleid
-- 1. view tuleb luua koos schemabiding-ga
-- 2. kui lisafunktsioon select list viitab v鋖jendile ja selle tulemuseks
-- v鮥b olla NULL, siis asendusv滗rtus peaks olema t鋚sustatud.
-- Antud juhul kasutasime ISNULL funktsiooni asendamaks NULL v滗rtust
-- 3. kui GroupBy on t鋚sustatud, siis view select list peab
-- sisaldama COUNT_BIG(*) v鋖jendit
-- 4. Baastabelis peaksid view-d olema viidatud kaheosalise nimega
-- e antud juhul dbo.Product ja dbo.ProductSales.
-- mis erinevus on COUNT_BIG ja COUNT-i vahel?
-- Count_big tagastab bigint v滗rtuse, mis on suurem

create unique clustered index UIX_vTotalSalesByProduct_Name
on vTotalSalesByProduct(Name)
--paneb selle view t鋒estikulisse j鋜jestusse

select * from vTotalSalesByProduct

-- view piirangud
create view vEmployeeDetails
@Gender nvarchar(20)
as
select Id, FirstName, Gender, DepartmentId
from Employees
where Gender = @Gender

--vaatesse ei saa panna parameetreid e antud juhul Gender

create function fnEmployeeDetails(@Gender nvarchar(20))
returns table
as return
(select Id, FirstName, Gender, DepartmentId
from Employees where Gender = @Gender)

select * from fnEmployeeDetails('male')

--order by kasutamine
create view vEmployeeDetailsSorted
as
select Id, FirstName, Gender, DepartmentId
from Employees
order by Id
--order by-d ei saa kasutada view sees

--temp table kasutamine
create table ##TestTempTable
(Id int, FirstName nvarchar(20), Gender nvarchar(10))

insert into ##TestTempTable values
(101, 'Martin', 'Male'),
(101, 'Joe', 'Male'),
(101, 'Pam', 'Fmale'),
(101, 'James', 'Male')

--tehke view, mis kasutab ##TestTempTable
--view nimi on vOnTempTable

select * from ##TestTempTable

create view vOnTempTable
as 
select Id, FirstName, Gender
from ##TestTempTable
--temp table-s ei saa kasutada view-d

--triggerid

-- DML trigger
-- kokku on kolm tpi: DML,DDL ja LOGON

-- trigger on stored procedure eriliik, mis aitomaatselt k鋓vitub,
-- kui mingi tegevus
--peaks andmebaasis aset leidma

--DML - data manipulatsion language
-- DML-i p鮤ilised k鋝klused: insert, update ja delete

-- DML triggereid saab klassifitseerida kahte tpi:
-- 1. After trigger (kutsutakse ka FOR triggeriks)
-- 2. Instead of trigger (selmet trigger e selle asemel trigger)

-- after trigger k鋓vitub peale s黱dmust, kui kuskil on
-- tehtud snert, update ja delete

create table EmployeeAudit
(
Id int identity(1, 1) primary key,
AuditData nvarchar(1000)
)
-- peale iga t鲻taja sisestamist tahame teada saada t鲻taja Id-d,
--p鋏va ning aega (millal sisestati)
-- k鮥k andmed tulevad EmployeeAudit tabelisse

create trigger trEmployeeForinsert
on Employees
for insert
as begin
declare @Id int
select @Id = Id from inserted
insert into EmployeeAudit
values ('New employee with Id = ' + CAST(@Id as nvarchar(5)) + ' is added at '
+ cast(getdate() as nvarchar(20)))
end

select * from Employees
insert into Employees values
(11,'Bob', 'Blob', 'Bomb', 'Male', 3000, 1, 3, 'bob@bob.com')

select * from EmployeeAudit

create trigger trEmployeeForDelete
on Employees
for delete
as begin
	declare @Id int
	select @Id = Id from deleted

	insert into EmployeeAudit
	values('An existing employee with Id = ' + CAST(@Id as nvarchar(5)) +
	' is deleted at ' + CAST(getdate() as nvarchar(20)))
end

delete from Employees where Id = 11

select * from EmployeeAudit

-- update trigger
create trigger trEmployeeForUpdate
on Employees
for update
as begin
	--muutujate deklareerimine
	declare @Id int
	declare @OldGender nvarchar(20), @NewGender nvarchar(20)
	declare @OldSalary int, @NewSalary int
	declare @OldDepartmentId int, @NewDepartmentId int
	declare @OldManagerId int, @NewManagerId int
	declare @OldFirstName nvarchar(20), @NewFirstName nvarchar(20)
	declare @OldMiddleName nvarchar(20), @NewMiddleName nvarchar(20)
	declare @OldLastName nvarchar(20), @NewLastName nvarchar(20)
	declare @OldEmail nvarchar(50), @NewEmail nvarchar(50)

	--muutuja, kuhu l鋒eb l鮬ptekst
	declare @AuditString nvarchar(1000)

	-- laeb k鮥k uuendatud andmed temp tabeli alla
	select * into #tempTable
	from inserted

	--k鋓b l鋌i k鮥k andemed temp tabel-s
	while(exists(select IDENT_CURRENT from #TempTable))
	begin
		set @AuditString = ''
	--selekteerib esimese rea andemed temp tabel-st
	select top 1 @Id = Id, @NewGender = Gender,
	@NewSalary = Salary, @NewDepartmentId = DepartmentId, 
	@NewManagerId = ManagerId, @NewFirstName = FirstName,
	@NewMiddleName = MiddleName, @NewLastName = LastName,
	@NewEmail = Email
	from #tempTable
	--v鮰ab vanad andmed kustutatud tabelist
	select @OldGender = Gender,
	@OldSalary = Salary, @OldDepartmentId = DepartmentId, 
	@OldManagerId = ManagerId, @OldFirstName = FirstName,
	@OldMiddleName = MiddleName, @OldLastName = LastName,
	@OldEmail = Email
	from deleted where Id = @Id

	--toimub v鮮dlus veergude osas, et kas toimus andmete muutumine
	set @AuditString = 'Employee with Id = ' + CAST(@Id as nvarchar(4)) + ' changed  '
	if(@OldGender <> @NewGender)
		set @AuditString = @AuditString +  ' Gender from ' + @OldGender + ' to ' +
		@NewGender

		if(@OldSalary <> @NewSalary)
			set @AuditString = @AuditString + ' Salary from ' + cast(@OldSalary as nvarchar(20))
			+ ' to ' + CAST(@NewSalary as nvarchar(10))

--rida 1687
--tund 9
--05.05.26