create database TARge25

--db valimine
use master

--db kustutamine
drop database TARge25

--tabeli tegemine
create table Gender
(
Id int not null primary key,
Gender nvarchar(10) not null
)

--andmete sisestamine
insert into Gender (Id, Gender)
values (2, 'Male'),
(1, 'Female'),
(3, 'Unknown')

--tabeli sisu vaatamine
select * from Gender

--tehke tabel nimega Person
--id int ja not null, primary key
--Name nvarchar 30 
--Email nvarchar 30
--GenderId int

create table Person
(
Id int not null primary key,
Name nvarchar(30),
Email nvarchar(30),
GenderID int
)

insert into Person (Id, Name, Email, GenderID)
values (1, 'Superman', 's@s.com', 2),
(2, 'Wonderwoman', 'w@w.com', 1),
(3, 'Batman', 'b@b.com', 2),
(4, 'Aquaman', 'a@a.com', 2),
(5, 'Catwoman', 'cat@cat.com', 1),
(6, 'Antman', 'ant"ant.com', 2),
(8, NULL, NULL, 2)


select * from Person

--Vőőrvőtme ühenduse loomine kahe tabeli vahel
alter table Person add constraint tblPerson_Gender_FK
foreign key (GenderId) references Gender(Id)

--kui sisestad uue rea andmeid ja ei ole sisestanud genderId alla väärtust, siis
--see automaatselt sisestab sellele reale väärtuse 3 e mis meil on unknown
alter table Person
add constraint DF_Persons_GenderId
default 3 for GenderId

insert into Person (Id, Name, Email, GenderID)
values (7, 'Flash','f@f.com', NULL)

insert into Person (Id, Name, Email)
values (9, 'Black Panther','p@p.com')

--kustutada DF_Persons_genderId piirang koodiga

alter table Person drop constraint DF_Persons_GenderId 

--lisame koodiga veeru
alter table Person
add Age nvarchar(10)

--lisame nr piirangu vanuse sisesatmisel
alter table Person
add constraint CK_Person_Age check (Age > 0 and Age < 155)

select * from Person

--kui sa tead veergude järjekorda peast, siis ei pea neid sisestama
insert into Person 
values(10, 'Green Arrow', 'g@g.com', 2, 154)

--constrainti kustutamine
alter table Person
drop constraint CK_Person_Age

alter table Person
add constraint CK_Person_Age check (Age > 0 and Age < 130)

--kustutame rea
delete from Person where Id = 3

--kuidas uuendada andmeid koodiga
--Id 3 uus vanus on 50
update Person
set Age = 50
where Id = 3

--lisame Person tabelisse veeru City ja Nvarchar 50

alter table Person
add City nvarchar(50)

update Person
set age = 23
where Id = 10


--kőik, kes ei ela Gothamis
select * from Person where City <> 'Gotham'
select * from Person where City != 'Gotham'
select * from Person where not City = 'Gotham'

--näitab teatud vanusega inimesi
--35, 42, 23
select * from Person where Age = 35 or Age = 42 or Age = 23 
select * from Person where Age in (35, 42, 23)

--näitab teatud vanusevahemikus olevaid isikuid 22 kuni 39

select * from Person where Age > 22 and Age < 39
select * from Person where Age between 22 And 39

--wildcardi kasutamine
--näitab kőik g-tähega algavad linnad

select * from Person where city like 'G%'

--email, kus on @ märk sees

select * from Person where Email like '%@%'

--näitab, kellel on emailis ees ja peale @-märki ainult üks täht
--ja omakorda .com

select * from Person where Email like '_@_.com'

--kőik, kellel on nimes esimene täht w, a, s

select * from Person where Name like 'w%' or name like 'a%' or Name like 's%'
select * from Person where Name like '[was]%'

--kes elavad Gothamis ja New Yorkis
select * from Person where (City = 'Gotham' or City = 'New York')


--kes elavad Gothamis ja New Yorgis ja on vanemad kui = 29
select * from Person where City = 'Gotham' or City = 'New York'
and Age >= 30 

select * from Person 

--rida 124
-- 3 tnd

--kuvab tähestikulises järjekorras inimesi ja vőtab aluseks nime
select * from Person order by Name
--kuvab vastupidises jäjestuses nimed
select * from Person order by Name desc

--vőtab kolm esimest rida person tabelist
select top 3 * from Person order by Name 

--kolm esimest, aga tabeli järjestus on Age ja siis name
select from Person
select top 3 age, Name from Person order by cast(age as int)

--näita esimesed 50% tabelist
select top 50 PERCENT * from Person

--kőikide isikute koondvanus
select SUM(cast(age as int)) from person

--näitab kőige nooremat isikut

select min(cast(age as int)) from person

--kőige vanem isik
select MAX(cast(age as int)) from person

--muudame Age veeru int andmetüübiks
alter table person
alter column Age int;

--näeme konkreetsetes linnades olevate isikute koondvanust
select SUM(cast(age as int)) from Person where City = 'Gotham' or city = 'New York'
select city, SUM(age) as totalage from Person group by city

--kuvab esimeses reas välja toodud järjestuses ja kuvab Age totalAge-ks
--järjestab City-s olevate nimede järgi ja siis genderId järgi
select city, genderId, SUM(age) as totalage from Person
group by city, GenderID order by city

--näitab, et mitu rida on selles tabelis
select * from person
select COUNT(*) from person

--näitab tulemust, et mitu inimest on GenderId väärtusega 2 konkreetses linnas
--arvutab vanuse kokku konkreetss linnas
select city, count(genderid) as TotalPerson(s) from Person group by city
select city, count(genderId) as TotalPersons, SUM(age) as totalage from Person
group by city, GenderID order by city

select GenderId, city, SUM(Age) as TotalAge, COUNT(Id) as [Total Person(s)]
from Person
where GenderId = '2'
group by GenderId, City

--näitab ära inimeste koondvanuse, mis on üle 41 aasta ja
--kui palju neid igas linnas elab
--eristab soo järgi
select genderid, city, SUM(age) as TotalAge,
COUNT(Id) as [Total Person(s)]
from Person 
group by GenderID, city having SUM(age)  > 41

--loome tabelid employees ja department
create table Department
(Id int not null primary key,
DepartmentName nvarchar(50) null,
Location nvarchar(50) null,
DepartmentHead nvarchar(50) null)

create table Employees
(Id int not null primary key,
Name nvarchar(50) null,
Gender nvarchar(50) null,
Salary nvarchar(50) null,
DepartmentId int null)


insert into Employees (Id, Name, Gender, Salary, DepartmentId)
values (1, 'Tom', 'Male', 4000, 1),
(2, 'Pam', 'Female', 3000, 3),
(3, 'John', 'Male', 3500, 1),
(4, 'Sam', 'Male', 4500, 2),
(5, 'Todd', 'Male', 2800, 2),
(6, 'Ben', 'Male', 7000, 1),
(7, 'Sara', 'Female', 4800, 3),
(8, 'Valarie', 'Female', 5500, 1),
(9, 'James', 'Male', 6500, null),
(10, 'Russell', 'Male', 8800, null)

insert into Department (Id, DepartmentName, Location, DepartmentHead)
values (1, 'IT', 'London', 'Rick'),
(2, 'Payroll', 'Delhi', 'Ron'),
(3, 'HR', 'New York', 'Christie'),
(4, 'Other Department', 'Sydney', 'Cindrella')

select * from Department
select * from employees

--
select name, Gender, salary, departmentname
from employees
left join Department
on Employees.DepartmentId = Department.id

--arvutame kőikide palgad kokku

select SUM(cast(salary as int)) from employees
--min palga saaja
select MIN(cast(salary as int)) from employees



